0,lived-in,Lee,Singapore
1,born-in,Pat Passlof,Brunswick
2,travels-to,Saakashvili,Tbilisi
3,lived-in,John Edwards,North Carolina
4,lived-in,Suu Kyi,Yangon
5,died-in,Bhutto,Rawalpindi
6,lived-in,Robert Aderholt,Haleyville
7,lived-in,Schwarzenegger,California
8,born-in,Tina Kim,Seoul
9,travels-to,Kassir,Beirut
10,born-in,Vladimir Makhnutin,Chusovoy
11,died-in,Florence Reece,Knoxville
12,nationality,Nabi Sensoy,Turkey
13,travels-to,John Kerry,Afghanistan
14,died-in,Grand Duchess Maria,Yekaterinburg
15,born-in,Ted Dey,Hull
16,travels-to,Liam Hemsworth,Los Angeles
17,born-in,Reed Hansen,Orlando
18,lived-in,Hau Lung-bin,Taipei
19,lived-in,George Yeo,Singapore
20,born-in,Gopal Gurunath Bewoor,Madhya Pradesh
21,born-in,Costa Panayi,Stretford
22,travels-to,Nawaz Sharif,Lahore
23,born-in,Thomas Scott,Pennsylvania
24,travels-to,Obama,Boston
25,born-in,Carey,Newark
26,lived-in,Michael B. Enzi,Nevada
27,born-in,Madeleine L'Engle Camp,New York City
28,died-in,Jay Morago,Phoenix
29,died-in,Ignacio Uria Mendizabal,Azpeitia
30,lived-in,Ellsbury,Madras
31,lived-in,Mayor Ken Livingstone,London
32,born-in,Zhang Li,Shanghai
33,lived-in,Romney,Massachusetts
34,lived-in,Ferlinghetti,U.S.
35,travels-to,Michelle Obama,Boston
36,travels-to,John Kerry,Cairo
37,lived-in,Adam Putnam,Bartow
38,born-in,Freeman,Memphis
39,born-in,Lolita Ananasova,Kharkiv
40,nationality,Grigor Dimitrov,Bulgaria
41,lived-in,Kenny Perry,Kentucky
42,born-in,Lei Sufen,Nanning
43,born-in,Matt Stevic,Leongatha
44,travels-to,Biden,India
45,born-in,Paul Zuccarelli,Milan
46,born-in,Thomas Clowes,Marblehead
47,died-in,Pinochet,Santiago
48,born-in,Stingley,Chicago
49,travels-to,Gates,Middle East
50,died-in,Litvinenko,London
51,travels-to,Defense Secretary Chuck Hagel,Israel
52,nationality,Prince Bandar bin Sultan,Saudi Arabia
53,born-in,Lee Childs,Yeovil
54,lived-in,Blagojevich,Chicago
55,died-in,Smith,Hollywood
56,born-in,Selo Soemardjan,Yogyakarta
57,born-in,Silas Seandel,New York City
58,died-in,Theo Van Gogh,Amsterdam
59,born-in,Nur Bekri,Bole
60,travels-to,John Kerry,Seoul
61,travels-to,Rashid Rauf,Pakistan
62,travels-to,John Kerry,Baghdad
63,born-in,Samak,Bangkok
64,lived-in,McCain,Arizona
65,lived-in,Tamblyn,Santa Monica
66,born-in,Howard Loxton,Birmingham
67,died-in,Leona Helmsley,Greenwich
68,died-in,George Osmond,Provo
69,died-in,John Lennon,New York City
70,travels-to,Barack Obama,Israel
71,born-in,Vladimir Georgiev,Sofia
72,lived-in,Jennifer Brunner,Ohio
73,born-in,Gianmarco Pozzecco,Gorizia
74,travels-to,Obama,Israel
75,travels-to,John Kerry,Afghanistan
76,lived-in,Cecil B. DeMille,Hollywood
77,lived-in,Peter Chan,Hong Kong
78,born-in,Adolph Albrecht Erlenmeyer,Wiesbaden
79,born-in,A. M. Esmonde,Swansea
80,travels-to,John Kerry,Islamabad
81,born-in,Lionel Tiger,Montreal
82,born-in,Philip Warwick,Westminster
83,lived-in,Stuart Sternberg,New York
84,born-in,Tom Lynskey,Galway
85,born-in,Don Kelly,Market Harborough
86,born-in,Jared Cohen,Weston
87,lived-in,John Georges,New Orleans
88,travels-to,Kerry,Pakistan
89,travels-to,Musharraf,Pakistan
90,born-in,Raul Olle,Tartu
91,travels-to,John Kerry,Saudi Arabia
92,lived-in,Aung San Suu Kyi,Yangon
93,travels-to,Obama,Boston
94,died-in,Ben Weider,Montreal
95,born-in,Dick Spotswood,San Francisco
96,travels-to,Bush,Middle East
97,travels-to,Kerry,Geneva
98,travels-to,Musharraf,Karachi
99,lived-in,Ayelet Waldman,Berkeley
100,lived-in,Karen Carter,New Orleans
101,lived-in,Ginny Brown-Waite,Brooksville
102,lived-in,Huckabee,Arkansas
103,travels-to,John Kerry,India
104,born-in,Luigi Attademo,Naples
105,died-in,Lois Maxwell,Fremantle
106,born-in,Sandu Florea,Ghelari
107,travels-to,Smith,Mississippi
108,died-in,Diana,Paris
109,born-in,Reuel Denney,New York City
110,travels-to,Obama,Northern Ireland
111,born-in,Bill Dillard,Pennsylvania
112,nationality,Livni,Israel
113,died-in,Pirro,Rome
114,travels-to,Kerry,Jordan
115,travels-to,Abe,Myanmar
116,travels-to,McCain,Syria
117,travels-to,Obama,Israel
118,born-in,Alec Briggs,Sheffield
119,born-in,Eva Roth,Augsburg
120,lived-in,Skelemani,Botswana
121,lived-in,Christopher Shays,Connecticut
122,died-in,Dink,Istanbul
123,died-in,Williams-Ellis,Portmeirion
124,travels-to,Kerry,Kabul
125,lived-in,Butch Johnson,Woodstock
126,travels-to,Obama,Afghanistan
127,born-in,Julie Mullen,Liverpool
128,died-in,Zawinul,Vienna
129,lived-in,Ferraro,Conn.
130,travels-to,Kerry,Turkey
131,died-in,Baczako,Budapest
132,travels-to,Silva,Toledo
133,lived-in,Schwarzenegger,California
134,travels-to,Kerry,South Korea
135,lived-in,Hassan,Iraq
136,lived-in,Ayers,Chicago
137,died-in,Moughniyah,Damascus
138,travels-to,Los Angeles Lakers star Kobe Bryant,Germany
139,lived-in,Rudy Giuliani,New York City
140,born-in,Marcello Abbado,Milan
141,lived-in,Sen. John McCain,Arizona
142,travels-to,John McCain,Cairo
143,nationality,Ainars Kovals,Latvia
144,travels-to,Obama,Israel
145,born-in,Sylvia Pressler,New York City
146,born-in,Richard Burton,Pontrhydyfen
147,died-in,Solzhenitsyn,Moscow
148,died-in,William Gibson,Stockbridge
149,nationality,Sergei Novitski,Russia
150,nationality,Olmert,Israel
151,travels-to,Katerina Thanou,Athens
152,born-in,Brenton Brown,South Africa
153,died-in,Xie,Shangyu
154,born-in,Louis Crucy,Nantes
155,born-in,Middlebrook,Idaho
156,died-in,Hariri,Beirut
157,lived-in,Mayor Rudolph Giuliani,New York City
158,lived-in,Cardinal Hans Hermann Groer,Vienna
159,born-in,Jamieson,Toledo
160,lived-in,McCain,Arizona
161,lived-in,Vladimir Rushailo,Russia
162,nationality,Frida Hansdotter,Sweden
163,born-in,Dirk Van der Hoff,Dordrecht
164,born-in,Allan Simonsen,Odense
165,lived-in,Hamid Karzai,Afghanistan
166,lived-in,Joao Bernardo Vieira,Bissau
167,lived-in,Sarah Palin,Alaska
168,lived-in,Aung San Suu Kyi,Yangon
169,travels-to,Dennis Rodman,Vatican
170,nationality,Rafael Correa,Ecuador
171,travels-to,Edward Snowden,Hong Kong
172,born-in,Anthony Little,Mullewa
173,nationality,Leander Paes,India
174,lived-in,President Hugo Chavez,Caracas
175,died-in,Theo van Gogh,Amsterdam
176,born-in,Toby Garbett,Chertsey
177,lived-in,Henry Watson Jones,Altadena
178,travels-to,Cameron,Pakistan
179,lived-in,Hudson,Chicago
180,lived-in,Arnold Schwarzenegger,California
181,lived-in,Rudy Giuliani,New York City
182,born-in,Pippa Steel,Flensburg
183,travels-to,Recep Tayyip Erdogan,Istanbul
184,born-in,Tore Nordseth,Trondheim
185,travels-to,Barack Obama,Israel
186,nationality,Yang Zi-jun,Hong Kong
187,died-in,Rafiq Hariri,Beirut
188,lived-in,Celso Pitta,Sao Paulo
189,lived-in,Gov. Rick Perry,Texas
190,lived-in,Brezhnev,Moscow
191,born-in,Sarmad Bhatti,Khairpur
192,born-in,Henry John Hyde,Chicago
193,lived-in,Ehud Olmert,Israel
194,nationality,Karadzic,Bosnian Serb
195,born-in,Isabella Delves Broughton,London
196,born-in,De Wohl,Berlin
197,travels-to,Obama,Jordan
198,nationality,Samantha Stosur,Australia
199,born-in,Lucia Morico,Fano
200,travels-to,Azrinaz Mazhar Hakim,Kuala Lumpur
201,died-in,Archbishop Paulos Faraj Rahho,Mosul
202,born-in,Asmahan Farhat,Strongsville
203,travels-to,Samak Sundaravej,Bangkok
204,lived-in,Nir Barkat,JERUSALEM
205,died-in,Purushottam Kakodkar,Delhi
206,born-in,Robert van der Zant,Queensland
207,travels-to,Peter Halasz,New York City
208,died-in,Smith,Florida
209,died-in,Diana,Paris
210,travels-to,Obama,Belfast
211,lived-in,Ono,England
212,lived-in,Copland,Brooklyn
213,born-in,Omar Rezaq,Lebanon
214,born-in,Claire Cox,Peterborough
215,born-in,David Vaughan,London
216,lived-in,Arnold Schwarzenegger,California
217,born-in,Joe Zakas,Chicago
218,died-in,Nagai,Yangon
219,died-in,Imad Mughnieh,Damascus
220,travels-to,Obama,Israel
221,born-in,Nick Dranias,Chicago
222,died-in,Ben Weider,Montreal
223,born-in,Thomas Hoegh,Oslo
224,travels-to,John Kerry,India
225,lived-in,Cindy McCain,Phoenix
226,born-in,Oliver Lanard Fassig,Columbus
227,nationality,Michael Rasmussen,Denmark
228,died-in,Taylor,Miami
229,born-in,Paul Warfield Tibbets,Quincy
230,travels-to,John McCain,Syria
231,lived-in,Luciano Pavarotti,Modena
232,lived-in,Samper,Colombia
233,nationality,Wang Cheng Pang,Chinese Taipei
234,died-in,Alexander Litvinenko,London
235,born-in,Darnell Kennedy,Mobile
236,lived-in,Bill McCollum,Florida
237,born-in,Ron Johnson,Duntocher
238,travels-to,Victor Hugo,Paris
239,travels-to,Obama,Israel
240,born-in,Adam Macrow,Victoria
241,lived-in,Richard Carmona,U.S.
242,lived-in,Antoine Gizenga,Democratic Republic of Congo
243,lived-in,McCain,Arizona
244,travels-to,Kerry,South Korea
245,travels-to,John Kerry,Geneva
246,lived-in,Ieng Sary,Phnom Penh
247,born-in,Levy Patrick Mwanawasa,Mufulira
248,travels-to,Kerry,Geneva
249,born-in,Alatas,Jakarta
250,lived-in,Romney,Massachusetts
251,nationality,Ali Babacan,Ankara
252,born-in,Wang Randi,Dalian
253,travels-to,Biden,India
254,died-in,Philip Jones Griffiths,London
255,born-in,Donatella Rettore,Castelfranco Veneto
256,born-in,Rudy Hermann Guede,Ivory Coast
257,born-in,David Hammerstein Mintz,Los Angeles
258,lived-in,Sen. John McCain,Arizona
259,died-in,Bob Woolmer,Jamaica
260,travels-to,Edward Snowden,Moscow
261,born-in,Christina Reid,Ardoyne
262,born-in,Eric Watson,New Zealand
263,died-in,Princess Diana,Paris
264,died-in,Bhutto,Rawalpindi
265,died-in,Hariri,Beirut
266,born-in,Keagan Kang,Perth
267,lived-in,Paul Faraj Rahho,Mosul
268,travels-to,Chavez,Havana
269,born-in,Dave Tolley,Kitchener
270,lived-in,Aldo Stanton,Boulder
271,born-in,David Hudson,Dutchess County
272,died-in,Dadullah,Helmand
273,lived-in,Charles Dullin,Paris
274,nationality,Barack Obama,the United States
275,born-in,Samak,Bangkok
276,lived-in,Mitt Romney,Massachusetts
277,born-in,Geoffrey Bazeley,Penzance
278,travels-to,Barack Obama,Israel
279,travels-to,John Kerry,Israel
280,lived-in,John Edwards,North Carolina
281,born-in,Barbara Rapp,Klagenfurt
282,born-in,Eileen Beldon,Bradford
283,died-in,Rhys,Croxteth
284,nationality,Elisabeth Goergl,Austria
285,travels-to,Israeli Prime Minister Benjamin Netanyahu,Washington
286,born-in,Ma Xianda,Hebei
287,died-in,Walid Eido,Beirut
288,lived-in,Dean Wilson,Hawaii
289,lived-in,Henry Fok,Hong Kong
290,born-in,Karl Sarafidis,Beirut
291,lived-in,Bill Richardson,New Mexico
292,nationality,Paul Lawrie,Scotland
293,died-in,Pierre Gemayel,Beirut
294,lived-in,Favre,Mississippi
295,died-in,Hariri,Beirut
296,lived-in,Bill Richardson,New Mexico
297,born-in,Delphine Pelletier,Bourges
298,lived-in,Vera Dushevina,Russia
299,lived-in,Mayor Richard Daley,Chicago
300,lived-in,Arnold Schwarzenegger,California
301,born-in,Mashel Teitelbaum,Saskatoon
302,travels-to,Alberto Fujimori,Lima
303,born-in,Richard Raymond,Campbellton
304,died-in,Fred Rich,California
305,born-in,Freddy Winnai,Philadelphia
306,born-in,Hosea Kutako,Okahandja
307,travels-to,Obama,Israel
308,died-in,Ghanem,Beirut
309,lived-in,Governor Mitt Romney,Massachusetts
310,born-in,Hensley,Phoenix
311,nationality,Paul Haarhuis,Netherlands
312,born-in,Craig Culpan,Vancouver
313,born-in,John Rennie,Stranraer
314,travels-to,Michelle Obama,Boston
315,born-in,Francisca Pleguezuelos,Granada
316,lived-in,Rene Harris,Nauru
317,died-in,Will Harridge,Evanston
318,born-in,Lloyd Goffe,Reading
319,born-in,Carey Beebe,Melbourne
320,travels-to,Kerry,Egypt
321,lived-in,Aung San Suu Kyi,Yangon
322,nationality,Sebastien Grosjean,France
323,born-in,Ellen Simonetti,North Carolina
324,born-in,Christa Goetsch,Bonn
325,lived-in,Soeharto,Jakarta
326,travels-to,Bashir,South Sudan
327,travels-to,Nagaraj,Nairobi
328,born-in,Paul Bost,Lincolnton
329,born-in,William Borradaile,Streatham
330,born-in,Alison Waters,London
331,travels-to,Edward Snowden,Moscow
332,died-in,Cephas Washburn,Little Rock
333,born-in,Erich Schmidt,Jena
334,born-in,George W. Bush,U.S.
335,lived-in,Jim Hensley,Phoenix
336,born-in,George Loukomski,Kaluga
337,died-in,Alexander Litvinenko,London
338,nationality,Tatiana Poutchek,Belarus
339,lived-in,Arnold Schwarzenegger,California
340,born-in,Nigel Preston,London
341,lived-in,Pete V. Domenici,New Mexico
342,lived-in,Zappa,Los Angeles
343,travels-to,King Norodom Sihanouk,Beijing
344,born-in,Byron Nemeth,Quito
345,travels-to,Chavez,Caracas
346,born-in,Nathaniel Micklem,Cookham
347,born-in,Carlo Scott,Cape Town
348,nationality,Daniel Ortega,Nicaragua
349,travels-to,Adrian Peterson,South Dakota
350,died-in,Imad Mugniyah,Damascus
351,travels-to,Kerry,Doha
352,lived-in,Mitt Romney,Massachusetts
353,died-in,Marc Lepine,Montreal
354,died-in,R.B. Kitaj,Los Angeles
355,travels-to,Obama,Chattanooga
356,died-in,Antoine Ghanem,Beirut
357,born-in,Michael Randle,England
358,born-in,Bruce Carmichael,Winnipeg
359,travels-to,Munir,Singapore
360,lived-in,Christensen,Bardstown
361,born-in,Theodor Gangauf,Bergen
362,lived-in,Kunio Hatoyama,Japan
363,travels-to,Apa Sherpa,Nepal
364,travels-to,Kerry,Brunei
365,died-in,Alexander Litvinenko,London
366,lived-in,Morgan Tsvangirai,Zimbabwe
367,lived-in,Walter Veltroni,Rome
368,lived-in,John Edwards,North Carolina
369,born-in,Blaine Marchand,Ottawa
370,died-in,Gordon Hinckley,Salt Lake City
371,born-in,John Mundy,Manchester
372,born-in,Edward Gardner,Gloucester
373,lived-in,Lee Hsien Loong,Singapore
374,travels-to,John Kerry,Geneva
375,born-in,Joseph Shield Nicholson,Wrawby
376,born-in,Christos Sirros,Athens
377,travels-to,Dennis Rodman,Rome
378,nationality,Marcel van der Westen,Netherlands
379,born-in,Kjell Rodian,Frederiksberg
380,travels-to,John Kerry,Israel
381,nationality,Edmund Ho Hau Wah,Macao
382,born-in,Mukasey,Bronx
383,born-in,Heather Jones,Edmonton
384,born-in,Paul Lacroix,Paris
385,born-in,Manolo Guindani,Cremona
386,lived-in,Shays,Connecticut
387,travels-to,Jimmy Carter,North Korea
388,lived-in,Johnson,Des Moines
389,born-in,Mike Daniels,Stanmore
390,died-in,Benazir Bhutto,Rawalpindi
391,lived-in,Kerviel,Pont l'Abbe
392,lived-in,Bill Rosendahl,Los Angeles
393,died-in,Anna Politkovskaya,Moscow
394,nationality,Mercedes Peris Minguet,Spain
395,travels-to,Kerry,Kabul
396,lived-in,Sam Brownback,Kansas
397,travels-to,Obama,Israel
398,travels-to,Ghanem,Beirut
399,travels-to,Lon Snowden,Moscow
400,travels-to,John Kerry,Saudi Arabia
401,died-in,Stang,Anapu
402,died-in,Luciano Pavarotti,Modena
403,nationality,Miyuki Maeda,Japan
404,travels-to,John Kerry,Geneva
405,lived-in,Yuri Luzhkov,Moscow
406,died-in,Jose Antonio Ortega Bonet,Coral Gables
407,born-in,Josef Stalin,Gori
408,born-in,Pierluigi Cappello,Gemona del Friuli
409,died-in,Carl Oglesby,Montclair
410,lived-in,Sen. John McCain,Arizona
411,died-in,Jacques Chirac,PARIS
412,lived-in,Aung San Suu Kyi,Yangon
413,born-in,Harry Philbrick,Providence
414,died-in,Bhutto,Rawalpindi
415,born-in,Claude Burton,Littleton
416,lived-in,Suharto,Jakarta
417,lived-in,Prince Ghazi bin Muhammad,Amman
418,born-in,Gifty Addy,Accra
419,lived-in,Madoff,Manhattan
420,lived-in,V.P. Singh,New Delhi
421,lived-in,Suu Kyi,Yangon
422,born-in,Bruno Arpaia,Naples
423,lived-in,Walsh,Los Angeles
424,died-in,Gianpaolo Tarabini,Zimbabwe
425,died-in,Suzanne Tamim,Dubai
426,lived-in,Josephine Baker,Paris
427,born-in,Tom Jones,Dallas
428,died-in,Pier Miranda Ferraro,Milan
429,died-in,Rafiq Hariri,Beirut
430,born-in,Philippe Gache,Avignon
431,born-in,Murray McEachern,Toronto
432,died-in,Litvinenko,London
433,died-in,Hariri,Beirut
434,died-in,Zawinul,Vienna
435,nationality,Daniel Njenga,Kenya
436,lived-in,Amos Yadlin,Israel
437,lived-in,Aung San Suu Kyi,Yangon
438,lived-in,Romney,Massachusetts
439,travels-to,Kerry,Istanbul
440,travels-to,John Kerry,Afghanistan
441,lived-in,James Blake,US
442,died-in,Prokofiev,Moscow
443,born-in,Roger Riddle,Detroit
444,died-in,Eric von Schmidt,Fairfield
445,lived-in,Amr Moussa,Cairo
446,died-in,TAYLOR,Miami
447,born-in,William Henry Brisbane,Beaufort County
448,born-in,Antoine Mariotte,Avignon
449,lived-in,Michael E. Capuano,Somerville
450,nationality,Giuliani,America
451,lived-in,Aung San Suu Kyi,Yangon
452,nationality,Edith van Dijk,the Netherlands
453,travels-to,Crow,Belgium
454,born-in,George Smith,Cropwell Bishop
455,travels-to,Biden,India
456,born-in,Marina van der Merwe,Cape Town
457,died-in,Juan Camilo Mourino,Mexico City
458,born-in,Philippe Pierson,Ath
459,died-in,Vonnegut,New York City
460,lived-in,Sarkozy,Paris
461,born-in,Wayne Powell,Caerphilly
462,died-in,Dube,Rosettenville
463,travels-to,Obama,Israel
464,born-in,Helen Sharsmith,Oakland
465,travels-to,Barack Obama,Israel
466,born-in,Stubb,Helsinki
467,born-in,David Carter,Bundaberg
468,travels-to,John Kerry,Japan
469,died-in,Jesus de Polanco,Madrid
470,travels-to,Barack Obama,Israel
471,born-in,John Benjamin Henck,Philadelphia
472,travels-to,John Kerry,Seoul
473,born-in,Rabbi Gavriel Holtzberg,Israel
474,nationality,Teodora Mircic,Serbia
475,died-in,George Ratterman,Centennial
476,travels-to,John Kerry,India
477,died-in,Litvinenko,London
478,died-in,Horace G. Snover,Port Huron
479,born-in,Sam Holden,Kensington
480,born-in,Valeriu Stoica,Bucharest
481,born-in,Helge Eide,"Arna, Norway"
482,died-in,Walid Eido,Beirut
483,born-in,Martine Roure,Lyon
484,lived-in,Demetri,Russia
485,travels-to,Mubarak,Egypt
486,nationality,Tegla Loroupe,Kenya
487,born-in,Edmund Port,Syracuse
488,travels-to,Caroline Kennedy,Tokyo
489,born-in,Charles Dixon,London
490,born-in,George Graham,Stirling
491,died-in,Benazir Bhutto,Rawalpindi
492,travels-to,McCain,Syria
493,born-in,Walter J. Mahoney,Buffalo
494,born-in,Francis William Drake,Buckland Monachorum
495,lived-in,McCain,Arizona
496,travels-to,John Kerry,Asia
497,lived-in,John Edwards,North Carolina
498,lived-in,President Mary McAleese,Dublin
499,died-in,Delaney Bramlett,Los Angeles
500,died-in,Maurice Bejart,Lausanne
501,born-in,Zona Jones,Corpus Christi
502,born-in,Essie Sakhai,Iran
503,born-in,Pascal Mailloux,Granby
504,travels-to,Howard,Tirin Kot
505,died-in,Diana,Paris
506,born-in,Micah Sterling,Lyme
507,lived-in,Ayers,Chicago
508,travels-to,Benazir Bhutto,Karachi
509,born-in,Alfonso Andria,Salerno
510,lived-in,Stingley,Chicago
511,born-in,Beata Holub,Opole
512,died-in,Litvinenko,London
513,lived-in,Adm. Michael Mullen,United States
514,died-in,Enrique Sarasola,Madrid
515,lived-in,Ohuruogu,London
516,born-in,Zsolt Hamar,Budapest
517,born-in,Matthew Taylor,Miami
518,born-in,Donald Haddow,Ontario
519,born-in,Spencer Bonfiglio,Philadelphia
520,travels-to,Kerry,Beijing
521,died-in,Walid Eido,Beirut
522,travels-to,Bryant,Germany
523,nationality,Fabian Cancellara,Switzerland
524,born-in,Ylenia Scapin,Bolzano
525,born-in,Henry Sydnor Harrison,Sewanee
526,born-in,Francisco Alimama Kashu,Hyderabad
527,born-in,Edwin Edgar Voigt,Illinois
528,nationality,Nadia Petrova,Russia
529,born-in,Charlene McMann,Chicago
530,travels-to,Kerry,Beijing
531,nationality,Masa Zec Peskiric,Slovenia
532,lived-in,Gov. Mitt Romney,Massachusetts
533,travels-to,Kerry,Jordan
534,nationality,Viktor Yushchenko,Ukraine
535,born-in,Albrecht Dietz,Dresden
536,travels-to,John Kerry,Islamabad
537,lived-in,Marcelo Ebrard,Mexico City
538,born-in,Morgan Val Baker,Cornwall
539,lived-in,Rudy Giuliani,York
540,travels-to,Andrea,Fla.
541,lived-in,Jacques Chirac,Paris
542,lived-in,Sam Maverick,San Antonio
543,born-in,Benedict,Bavaria
544,nationality,Saddam Hussein,Iraqi
545,born-in,Gwyneth Powell,Levenshulme
546,died-in,Alexander Litvinenko,London
547,born-in,Travis Shook,Oroville
548,travels-to,Kerry,Pakistan
549,lived-in,Donald,New Port Richey
550,lived-in,Asif Ali Zardari,Islamabad
551,born-in,Chloe Franks,Los Angeles
552,lived-in,Geschonneck,Berlin
553,born-in,Russell Defreitas,Guyana
554,travels-to,Obama,Dallas
555,lived-in,Bill McCollum,Florida
556,born-in,Russell Stannard,London
557,lived-in,Richardson,New Mexico
558,born-in,Margi Scharff,Memphis
559,travels-to,David Cameron,Northern Ireland
560,travels-to,Barack Obama,Boston
561,born-in,Jack Curtner,Greenville
562,travels-to,John Kerry,Israel
563,travels-to,Hanh,Vietnam
564,travels-to,Liam,Australia
565,lived-in,Jesse L. Jackson Jr.,Chicago
566,born-in,Agbonlahor,Birmingham
567,lived-in,Bhutto,Karachi
568,lived-in,Rudy Giuliani,York
569,travels-to,John Kerry,Islamabad
570,born-in,Diego Francisco Altamirano,Madrid
571,lived-in,Simba Makoni,Zimbabwe
572,lived-in,Suharto,Jakarta
573,travels-to,Barack Obama,Israel
574,born-in,James Sherman,Crayford
575,born-in,Thomas Dausgaard,Copenhagen
576,travels-to,Lewis,Los Angeles
577,died-in,Khan,London
578,born-in,Terrance John Clark,Gisborne
579,born-in,James Lowell Oakes,Springfield
580,travels-to,John Kerry,Geneva
581,born-in,Alberto Foguelman,Buenos Aires
582,lived-in,Du Toit,Cape Town
583,lived-in,Sam Brownback,Kansas
584,born-in,Anthony Giacobazzi,Toulon
585,born-in,Seth Lipsky,Brooklyn
586,born-in,Brent Rickles,London
587,born-in,Henry Stevens,Barnet
588,travels-to,Chavez,Caracas
589,born-in,Mahamudu Bawumia,Tamale
590,lived-in,Obama,Hawaii
591,travels-to,Barack Obama,Boston
592,lived-in,Christian Ude,Munich
593,born-in,Joyce,Dublin
594,travels-to,Barack Obama,Israel
595,lived-in,Mayor Rudolph Giuliani,New York City
596,born-in,Deborah Jane Kerr Trimmer,Helensburgh
597,born-in,Basuki Rahmat,Tuban
598,born-in,Hiba Daniel,Lebanon
599,died-in,Theo van Gogh,Amsterdam
600,lived-in,Samak Sundaravej,Bangkok
601,lived-in,Marc H. Morial,New Orleans
602,lived-in,Alice Waters,Berkeley
603,lived-in,Mirwaiz Umar Farooq,Kashmiri
604,travels-to,Lew,Brussels
605,died-in,Hariri,Beirut
606,nationality,Premier Wen Jiabao,China
607,nationality,Henrik Stenson,Sweden
608,lived-in,McCain,Arizona
609,travels-to,Kerry,Pakistan
610,lived-in,John Edwards,South Carolina
611,died-in,Hariri,Beirut
612,travels-to,Ma,Guangzhou
613,born-in,John Augustus Stone,Concord
614,born-in,Theodore Harold Maiman,Los Angeles
615,born-in,Richard Hudson,Tottenham
616,died-in,Alexander Litivinenko,London
617,lived-in,Mitt Romney,Massachusetts
618,travels-to,Obama,Connecticut
619,born-in,Keller,New York
620,born-in,Ripudaman Singh,Nabha
621,born-in,George Osborn,Rochester
622,born-in,Eric Bailey,Los Angeles
623,lived-in,Yuri Luzhkov,Moscow
624,travels-to,Andrizzi,Buenos Aires
625,died-in,Litvinenko,London
626,travels-to,Nicolas Sarkozy,Paris
627,born-in,Arthur Stewart,Ballymena
628,died-in,Elliott Baker,Los Angeles
629,travels-to,Cameron,Pakistan
630,lived-in,Tusk,Gdansk
631,travels-to,John Kerry,Afghanistan
632,died-in,Diana,Paris
633,born-in,Jules Louis Lewal,Paris
634,died-in,Marc Lepine,Montreal
635,lived-in,Aung San Suu Kyi,Yangon
636,died-in,Diana,Paris
637,born-in,George Perkins Merrill,Auburn
638,born-in,Laurie Allan,London
639,born-in,Satish Menon,Thrissur
640,lived-in,Escobar,Medellin
641,born-in,Rudolf Kippenhahn,Pernink
642,died-in,Theo van Gogh,Amsterdam
643,died-in,Amory J. `` Jack '' Cooke,Templeton
644,lived-in,Giuliani,New York City
645,died-in,Ziffren,New York
646,lived-in,Kwame Kilpatrick,Detroit
647,lived-in,Governor Mitt Romney,Massachusetts
648,born-in,Zadok Domnitz,Tel Aviv
649,born-in,Leslie Allen,Chicago
650,travels-to,John Kerry,Geneva
651,died-in,Antoine Ghanem,Beirut
652,travels-to,Obama,Israel
653,lived-in,Sim Lake,U.S.
654,lived-in,Gov. Mitt Romney,Massachusetts
655,lived-in,Sen. John Kerry,Massachusetts
656,born-in,Leonard Bosack,Pennsylvania
657,travels-to,Recep Tayyip Erdogan,Istanbul
658,travels-to,John Kerry,Israel
659,born-in,Darrell Trindall,Narrabri
660,born-in,Mat Chivers,Bristol
661,died-in,Litvinenko,London
662,travels-to,Obama,Israel
663,lived-in,Joseph Kabila,Democratic Republic of Congo
664,born-in,Gabriel Daniel,Rouen
665,travels-to,Marco Scutaro,California
666,lived-in,Eido,Beirut
667,born-in,Norbert Francis Attard,Malta
668,travels-to,Barack Obama,Chicago
669,born-in,Erik Christensen,Holladay
670,travels-to,Kerry,Pakistan
671,born-in,Victor Stolan,Czechoslovakia
672,lived-in,President Hugo Chavez,Caracas
673,born-in,Louise Christian,Oxford
674,born-in,Matthew Polenzani,Evanston
675,lived-in,Hirvonen,Jyvaskyla
676,born-in,Derek Murray,Dublin
677,born-in,Mirza Ghulam Ahmad,Qadian
678,born-in,Diane Youdale,Billingham
679,born-in,Jean Liebault,Dijon
680,lived-in,Mayor Richard Daley,Chicago
681,born-in,James A. Hamilton,New York City
682,nationality,Florian Mayer,Germany
683,travels-to,Kerry,Afghanistan
684,lived-in,Jonathan,California
685,lived-in,Bobby Jindal,Louisiana
686,travels-to,Obama,Israel
687,lived-in,Atta-Mills,Accra
688,travels-to,Voltchkov,Minsk
689,nationality,Hugo Chavez,Venezuela
690,born-in,G. Ramachandran,Singapore
691,born-in,Brian Faloon,Belfast
692,lived-in,Chavez,Albuquerque
693,born-in,Leszek Korzeniowski,Warsaw
694,born-in,Victor Antoine Signoret,Paris
695,travels-to,Obama,Israel
696,travels-to,Barack Obama,Israel
697,lived-in,Sen. George Allen,Virginia
698,travels-to,Obama,Israel
699,born-in,Remington,Reedville
700,born-in,Bahar Movahed Bashiri,Tehran
701,travels-to,Kerry,Kabul
702,travels-to,Kerry,Geneva
703,born-in,Shiva Boloorian,Tehran
704,born-in,Deep Tyagi,Uttar Pradesh
705,lived-in,Giuseppe Lanzone,The United States
706,born-in,Rachel,Cavaillon
707,travels-to,John Kerry,Pakistan
708,born-in,Tommy Waidelich,Stockholm
709,born-in,Werner Ploberger,Vienna
710,nationality,Putin,Russia
711,lived-in,Bill Richardson,New Mexico
712,born-in,William Fung,Hong Kong
713,lived-in,Bush,The U.S.
714,lived-in,Bill Richardson,New Mexico
715,born-in,Kym Anderson,Adelaide
716,travels-to,Kobe Bryant,Germany
717,nationality,Omar Suleiman,Egypt
718,died-in,Nora Holt,Los Angeles
719,died-in,Hariri,Beirut
720,travels-to,John Kerry,Berlin
721,lived-in,Jiang Yu,Beijing
722,died-in,Ismail Cem,Istanbul
723,lived-in,Ron Gold,East Setauket
724,lived-in,John Muse,East Falmouth
725,born-in,Alan Aboud,Dublin
726,born-in,Edgar Julius Jung,Ludwigshafen
727,lived-in,Nina Hix,Shreveport
728,born-in,Yannick Vaugrenard,Trignac
729,lived-in,Ty Law,Aliquippa
730,lived-in,Gov. Sarah Palin,Alaska
731,travels-to,Obama,Chicago
732,nationality,Radford,Canada
733,lived-in,Albert Haynesworth,Tennessee
734,lived-in,Arnold Schwarzenegger,California
735,died-in,Belew,Palm Springs
736,born-in,Ludwig von Buhl,Munich
737,travels-to,Karman,Cairo
738,died-in,Antoine Ghanem,Beirut
739,died-in,Diana,Paris
740,lived-in,Tony Leung Chiu-wai,Hong Kong
741,born-in,Herbert Keppler,New York
742,born-in,William Brenton Hall,Wallingford
743,lived-in,Charles Foti,Louisiana
744,died-in,Parren J. Mitchell,Baltimore
745,born-in,David Schrader,Chicago
746,nationality,Tony Blair,British
747,born-in,Niall McGarry,Castlebar
748,born-in,John Milne Bramwell,Perth
749,travels-to,John Kerry,Saudi Arabia
750,born-in,Colin Groves,England
751,lived-in,Brenda Brooks,Greenbelt
752,born-in,Henry Hall,Sheffield
753,travels-to,Kerry,Israel
754,lived-in,Nicolas Sarkozy,Paris
755,born-in,Mike Doyle,Carmarthen
756,lived-in,Mayor Michael Bloomberg,New York City
757,lived-in,John Edwards,North Carolina
758,lived-in,Mayor Gavin Newsom,San Francisco
759,born-in,Laszlo Gardony,Hungary
760,died-in,John Ross,Toronto
761,born-in,Francisco Vicente Aguilera,Bayamo
762,died-in,Eido,Beirut
763,travels-to,John Kerry,Geneva
764,lived-in,Li Ka-shing,Hong Kong
765,died-in,Hrant Dink,Istanbul
766,travels-to,Sheikh Hasina,Bangladesh
767,born-in,Diego Carranza,Mexico
768,travels-to,Harris,Atlanta
769,lived-in,Edwards,North Carolina
770,born-in,Todd Jay Weinstein,Detroit
771,born-in,Alfred Otto Herz,Hoyerswerda
772,born-in,Mark McCulloch,Inverness
773,born-in,Desi Williams,London
774,born-in,Jamie Stauffer,Kurri Kurri
775,travels-to,President Hugo Chavez,Caracas
776,died-in,Bhutto,Rawalpindi
777,lived-in,Osman Baydemir,Diyarbakir
778,lived-in,Karolos Papoulias,Greece
779,lived-in,Buffett,Omaha
780,travels-to,Bashir,South Sudan
781,lived-in,Joseph Bernardin,Chicago
782,born-in,Marie Alphonse Bedeau,Vertou
783,nationality,Dayron Robles,Cuba
784,born-in,Joshua Simon,Tel Aviv
785,died-in,Robert Richard Randall,New York City
786,born-in,Daniel O'Mahony,Croydon
787,lived-in,Jacqui Smith,British
788,nationality,Hunter Mahan,The United States
789,died-in,Bobby Poe,Grove
790,lived-in,Ron Gettelfinger,the United States
791,born-in,Martin Litton,Grays
792,lived-in,Samak,Bangkok
793,travels-to,Barack Obama,Boston
794,born-in,Sheed,England
795,lived-in,President Mary McAleese,Dublin
796,born-in,Robert Craig Knievel,Butte
797,born-in,Bach,Eisenach
798,born-in,Huang Haiyang,Xuzhou
799,lived-in,McCain,Arizona
800,died-in,Walid Eido,Beirut
801,died-in,Richardson,London
802,born-in,Louis Garneau,Quebec City
803,born-in,Michael Shine,Warren
804,born-in,Erwin Kelm,Minnesota
805,travels-to,Aziz,Kabul
806,lived-in,Karzai,Kandahar
807,lived-in,Mayor Gavin Newsom,San Francisco
808,died-in,Hrant Dink,Istanbul
809,lived-in,McCain,Arizona
810,born-in,Riccardo Beretta,Mariano Comense
811,travels-to,Kerry,Pakistan
812,lived-in,Antonio Bassolino,Campania
813,born-in,Joshua Watson,Tower Hill
814,travels-to,John Kerry,Israel
815,travels-to,DiMaggio,Canada
816,lived-in,Antel,Vienna
817,travels-to,John Kerry,India
818,lived-in,Godoy,Michoacan
819,travels-to,John Kerry,Paris
820,born-in,Silke Bodenbender,Bonn
821,died-in,Alexander Litvinenko,London
822,born-in,Huang,Zhejiang Province
823,lived-in,Johnny Tapia,Albuquerque
824,travels-to,German Chancellor Angela Merkel,Greece
825,travels-to,Kerry,Afghanistan
826,born-in,Jaume Cascalls,Berga
827,died-in,Abu Qaswarah,Mosul
828,lived-in,Olmert,Israel
829,born-in,James Owen,North Carolina
830,lived-in,Bobby Jindal,Louisiana
831,travels-to,Sen. Tom Coburn,Oklahoma
832,born-in,Philippe Adams,Mouscron
833,born-in,Lorenz,West Hartford
834,nationality,President Bush,United States
835,lived-in,Iseman,Homer City
836,travels-to,Yasar Buyukanit,Istanbul
837,travels-to,Obama,Chattanooga
838,lived-in,Mayor Gavin Newsom,San Francisco
839,died-in,Litvinenko,London
840,lived-in,Nicolas Sarkozy,Paris
841,born-in,Marjorie Evasco,Maribojoc
842,travels-to,Kerry,Afghanistan
843,lived-in,Mahmoud Zahar,Gaza
844,travels-to,Barack Obama,Boston
845,died-in,Abdul Sattar Abu Reesha,Ramadi
846,travels-to,Hsu,Hong Kong
847,lived-in,Su Huan-chih,Tainan County
848,travels-to,Muntader al-Zaidi,Baghdad
849,travels-to,Barack Obama,Boston
850,lived-in,Cardinal Norberto Rivera,Mexico
851,born-in,Ajit Ninan,Hyderabad
852,died-in,Emanuele Luzzati,Genoa
853,travels-to,Qarase,Suva
854,born-in,Jamielee McPherson,Glasgow
855,lived-in,Rose Moser,Perrysburg
856,born-in,Biden,Scranton
857,died-in,Bhutto,Rawalpindi
858,lived-in,Mitt Romney,Massachusetts
859,lived-in,Musharraf,Pakistan
860,lived-in,John Culberson,Texas
861,died-in,Barbosa,Dakar
862,travels-to,Kerry,Geneva
863,born-in,Homer Louis Randolph III,Paducah
864,travels-to,Obama,Colorado
865,born-in,Michael Halvarson,Stockholm
866,lived-in,Mark Begich,Anchorage
867,travels-to,Israeli Prime Minister Benjamin Netanyahu,the United States
868,born-in,Charles Hastings,Ludlow
869,travels-to,Karzai,Qatar
870,born-in,Liu Jianchao,Jilin
871,born-in,Matthew Price,London
872,born-in,Joshua Watson,London
873,lived-in,Samuel Johnson,London
874,born-in,Hermann Kuhnt,Senftenberg
875,lived-in,Chirac,Paris
876,born-in,Bill Beeny,Madisonville
877,born-in,Ryan Barton,Australia
878,lived-in,Sam Zell,Chicago
879,lived-in,Cameron,London
880,born-in,Vanessa Gusmeroli,Annecy
881,travels-to,Obama,Belfast
882,born-in,Andrew Martin,Cambridge
883,died-in,Thubten J. Norbu,Bloomington
884,travels-to,John Kerry,Geneva
885,born-in,Ralph Marterie,Acerra
886,travels-to,John Kerry,India
887,died-in,Chahine,Cairo
888,lived-in,Osama bin Laden,Pakistan
889,died-in,Jimmy Carl Black,Siegsdorf
890,lived-in,Harold Washington,Chicago
891,born-in,Enzo Artoni,Buenos Aires
892,born-in,Roberts,Buffalo
893,born-in,Lee Blackett,Chester
894,travels-to,Kerry,Kabul
895,lived-in,Sam Brownback,Kansas
896,nationality,Sundin,Sweden
897,travels-to,Obama,Israel
898,travels-to,Diana,Paris
899,born-in,Arenda Grimberg,Almelo
900,lived-in,Nicolas Sarkozy,Paris
901,travels-to,Kerry,Egypt
902,died-in,Chandra Shekhar,New Delhi
903,born-in,Giuseppe Rensi,Villafranca di Verona
904,travels-to,Mr Rudd,Canberra
905,died-in,Smith,Cape Town
906,died-in,Alvin Welling,Falls Church
907,born-in,Mohammad Barkatullah,Sirajganj
908,lived-in,Disraeli,London
909,born-in,Baltazar de Cordes,Netherlands
910,died-in,Picasso,Mougins
911,born-in,Isaac Green Messec,Macon
912,born-in,Alexandra Mazur,Moscow
913,travels-to,Zach Parise,Newark
914,born-in,Theodore Augustine Mann,Yorkshire
915,born-in,Jerry Kilgore,Kingsport
916,died-in,Michael E. DeBakey,Houston
917,born-in,Eric Swinkels,"Best, Netherlands"
918,died-in,Weisman,Los Angeles
919,born-in,Yefimov,Kiev
920,died-in,Walid Eido,Beirut
921,travels-to,Barack Obama,Boston
922,travels-to,David Beckham,Beijing
923,lived-in,Gov. Mitt Romney,Massachusetts
924,lived-in,Ron Paul,Lake Jackson
925,lived-in,Bogden,U.S.
926,born-in,Aragoncillo,Philippines
927,lived-in,Man Ray,Paris
928,lived-in,John Edwards,North Carolina
929,lived-in,Pete Domenici,New Mexico
930,lived-in,Pitt,New Orleans
931,born-in,Shannon Emerick,Dallas
932,died-in,Benazir Bhutto,Rawalpindi
933,travels-to,Bashir,South Sudan
934,died-in,Bhutto,Rawalpindi
935,lived-in,Michael E. Capuano,Somerville
936,nationality,Saeed Jalili,Iran
937,lived-in,Terry O'Faolain,Dublin
938,travels-to,Cameron,London
939,born-in,Louis Antonelli,Chicago
940,born-in,Richard Bernas,New York City
941,born-in,Mark McCrea,Belfast
942,born-in,Louis Gustave Ricard,Marseille
943,travels-to,Edward Snowden,Moscow
944,nationality,Alex Barros,Brazil
945,born-in,Bessmertnova,Moscow
946,born-in,Alexander Lvov,Saint Petersburg
947,lived-in,Romney,Massachusetts
948,travels-to,Vuk Jeremic,Belgrade
949,died-in,Kvasnak,Prague
950,born-in,Catherine Keller,Paris
951,born-in,Rahimi,Kabul
952,born-in,Agnes Gonxha Bojaxhiu,Skopje
953,travels-to,Kerry,India
954,born-in,Putin,Petersburg
955,travels-to,John Kerry,South Korea
956,lived-in,Bob Barr,Georgia
957,died-in,Bernie Mac,Chicago
958,born-in,Marcello Lara,Mexico City
959,travels-to,Netanyahu,Shanghai
960,born-in,Enrique Alciati,Marseille
961,travels-to,John Kerry,Jordan
962,born-in,Einar Gelius,Arendal
963,born-in,Tri Bourne,Oahu
964,born-in,Marinko Koljanin,Rijeka
965,died-in,S. Lane Faison,Williamstown
966,travels-to,Obama,Colorado
967,born-in,Godwin Birchenough,Macclesfield
968,travels-to,Kerry,Israel
969,lived-in,Fabian Nunez,California
970,nationality,Catherine Ndereba,Kenya
971,died-in,Politkovskaya,Moscow
972,nationality,Marta Sirotkina,Russia
973,born-in,Jonathan Green,Bury St Edmunds
974,lived-in,Jim Bob Duggar,Tontitown
975,travels-to,Obama,Asia
976,died-in,Dink,Istanbul
977,travels-to,Kerry,South Korea
978,lived-in,Francois Hollande,France
979,lived-in,David Boren,Oklahoma
980,died-in,Flores,Palestine
981,nationality,Lolo Jones,United States
982,lived-in,Stubbs,Detroit
983,born-in,Dick Stockton,Philadelphia
984,lived-in,Tito Mboweni,South Africa
985,died-in,Nobilo,Auckland
986,lived-in,Shanley,Bronx
987,travels-to,Obua,Kampala
988,lived-in,Mitt Romney,Massachusetts
989,born-in,Joseph Gales,Eckington
990,travels-to,Alexander Litvinenko,London
991,lived-in,Obama,Chicago
992,travels-to,Obama,Israel
993,died-in,Kozlov,Moscow
994,died-in,Rafik Hariri,Beirut
995,lived-in,Tsongas,Lowell
996,lived-in,Lawrence Ellison,Calif.
997,born-in,Elizabeth Kell,Sydney
998,born-in,Jonn Penney,Quarry Bank
999,lived-in,Mohammed Sidique Khan,Leeds
1000,travels-to,Edward Snowden,Moscow
1001,born-in,Henry Bruce Armstrong,Sholden
1002,lived-in,Mitt Romney,Massachusetts
1003,died-in,Abu Reesha,Ramadi
1004,travels-to,McCain,Erie
1005,born-in,Peter Gregg,Kent
1006,lived-in,Selahattin Hatipoglu,Balikesir
